{
  "id": "1917175",
  "name": "no name",
  "font_family": "iconfont",
  "css_prefix_text": "icon-",
  "description": "",
  "glyphs": [
    {
      "icon_id": "1638197",
      "name": "购物车",
      "font_class": "gouwuche1",
      "unicode": "e60c",
      "unicode_decimal": 58892
    },
    {
      "icon_id": "13900897",
      "name": "消息",
      "font_class": "ziyuan",
      "unicode": "e612",
      "unicode_decimal": 58898
    },
    {
      "icon_id": "5640058",
      "name": "搜索",
      "font_class": "sousuo1",
      "unicode": "e627",
      "unicode_decimal": 58919
    },
    {
      "icon_id": "1048879",
      "name": "关注",
      "font_class": "icon_follow",
      "unicode": "e620",
      "unicode_decimal": 58912
    },
    {
      "icon_id": "1305479",
      "name": "刷新",
      "font_class": "shuaxin",
      "unicode": "e641",
      "unicode_decimal": 58945
    },
    {
      "icon_id": "6966948",
      "name": "下载",
      "font_class": "xiazai",
      "unicode": "e635",
      "unicode_decimal": 58933
    },
    {
      "icon_id": "11903732",
      "name": "vips",
      "font_class": "vips",
      "unicode": "e662",
      "unicode_decimal": 58978
    },
    {
      "icon_id": "12978121",
      "name": "历史记录",
      "font_class": "lishijilu",
      "unicode": "e607",
      "unicode_decimal": 58887
    },
    {
      "icon_id": "14477234",
      "name": "直播",
      "font_class": "zhibo",
      "unicode": "e676",
      "unicode_decimal": 58998
    },
    {
      "icon_id": "5111320",
      "name": "人员-实",
      "font_class": "renyuan-shi",
      "unicode": "e670",
      "unicode_decimal": 58992
    },
    {
      "icon_id": "15685567",
      "name": "三角形",
      "font_class": "sanjiaoxing",
      "unicode": "e6e6",
      "unicode_decimal": 59110
    },
    {
      "icon_id": "15692735",
      "name": "充值",
      "font_class": "chongzhi",
      "unicode": "e722",
      "unicode_decimal": 59170
    },
    {
      "icon_id": "90525",
      "name": "更多",
      "font_class": "gengduo",
      "unicode": "e610",
      "unicode_decimal": 58896
    },
    {
      "icon_id": "1249003",
      "name": "博士帽",
      "font_class": "boshimao",
      "unicode": "e601",
      "unicode_decimal": 58881
    },
    {
      "icon_id": "5698821",
      "name": "提问",
      "font_class": "tiwen",
      "unicode": "e62e",
      "unicode_decimal": 58926
    },
    {
      "icon_id": "6129176",
      "name": "135消息、通知、提醒、铃声、铃铛",
      "font_class": "xiaoxitongzhitixinglingshenglingdang",
      "unicode": "e794",
      "unicode_decimal": 59284
    },
    {
      "icon_id": "9059912",
      "name": "我的",
      "font_class": "wode2",
      "unicode": "e630",
      "unicode_decimal": 58928
    },
    {
      "icon_id": "13520169",
      "name": "循环",
      "font_class": "xunhuan",
      "unicode": "e64e",
      "unicode_decimal": 58958
    },
    {
      "icon_id": "2578231",
      "name": "搜索分类",
      "font_class": "sousuofenlei",
      "unicode": "e604",
      "unicode_decimal": 58884
    },
    {
      "icon_id": "3232530",
      "name": "003购物车",
      "font_class": "gouwuche",
      "unicode": "e634",
      "unicode_decimal": 58932
    },
    {
      "icon_id": "3930480",
      "name": "我的01",
      "font_class": "wode1",
      "unicode": "e616",
      "unicode_decimal": 58902
    },
    {
      "icon_id": "5270852",
      "name": "收 藏-产品详情",
      "font_class": "shoucang",
      "unicode": "e613",
      "unicode_decimal": 58899
    },
    {
      "icon_id": "15568796",
      "name": "资料",
      "font_class": "ziliao-miaobian",
      "unicode": "e691",
      "unicode_decimal": 59025
    },
    {
      "icon_id": "1191509",
      "name": "导航栏_模式02",
      "font_class": "daohanglanmoshi02",
      "unicode": "e623",
      "unicode_decimal": 58915
    },
    {
      "icon_id": "1117917",
      "name": "播放",
      "font_class": "bofang",
      "unicode": "e77e",
      "unicode_decimal": 59262
    },
    {
      "icon_id": "5809212",
      "name": "我的",
      "font_class": "wode",
      "unicode": "e699",
      "unicode_decimal": 59033
    },
    {
      "icon_id": "7539572",
      "name": "视频",
      "font_class": "shipin",
      "unicode": "e79a",
      "unicode_decimal": 59290
    },
    {
      "icon_id": "8348144",
      "name": "搜索",
      "font_class": "sousuo",
      "unicode": "e720",
      "unicode_decimal": 59168
    },
    {
      "icon_id": "12592402",
      "name": "首页",
      "font_class": "shouye",
      "unicode": "e74b",
      "unicode_decimal": 59211
    },
    {
      "icon_id": "15616644",
      "name": "add",
      "font_class": "add",
      "unicode": "e84b",
      "unicode_decimal": 59467
    }
  ]
}
